Dummy Standard Question 1	Dummy Standard Question Answer 1
Dummy Standard Question 2	Dummy Standard Question Answer 2
Dummy Standard Question 3	Dummy Standard Question Answer 3
Dummy Standard Question 4	Dummy Standard Question Answer 4
Dummy Standard Question 5	Dummy Standard Question Answer 5
Dummy Standard Question 6	Dummy Standard Question Answer 6
Dummy Standard Question 7	Dummy Standard Question Answer 7
Dummy Standard Question 8	Dummy Standard Question Answer 8
Dummy Standard Question 9	Dummy Standard Question Answer 9
Dummy Standard Question 10	Dummy Standard Question Answer 10
Dummy Standard Question 11	Dummy Standard Question Answer 11
Dummy Standard Question 12	Dummy Standard Question Answer 12
Dummy Standard Question 13	Dummy Standard Question Answer 13
Dummy Standard Question 14	Dummy Standard Question Answer 14
Dummy Standard Question 15	Dummy Standard Question Answer 15
Dummy Standard Question 16	Dummy Standard Question Answer 16
Dummy Standard Question 17	Dummy Standard Question Answer 17
Dummy Standard Question 18	Dummy Standard Question Answer 18
Dummy Standard Question 19	Dummy Standard Question Answer 19
Dummy Standard Question 20	Dummy Standard Question Answer 20
Dummy Standard Question 21	Dummy Standard Question Answer 21
Dummy Standard Question 22	Dummy Standard Question Answer 22
Dummy Standard Question 23	Dummy Standard Question Answer 23
Dummy Standard Question 24	Dummy Standard Question Answer 24
Dummy Standard Question 25	Dummy Standard Question Answer 25
Dummy Standard Question 26	Dummy Standard Question Answer 26
Dummy Standard Question 27	Dummy Standard Question Answer 27
Dummy Standard Question 28	Dummy Standard Question Answer 28
Dummy Standard Question 29	Dummy Standard Question Answer 29
Dummy Standard Question 30	Dummy Standard Question Answer 30
Dummy Standard Question 31	Dummy Standard Question Answer 31
Dummy Standard Question 32	Dummy Standard Question Answer 32
Dummy Standard Question 33	Dummy Standard Question Answer 33
Dummy Standard Question 34	Dummy Standard Question Answer 34
Dummy Standard Question 35	Dummy Standard Question Answer 35
Dummy Standard Question 36	Dummy Standard Question Answer 36
Dummy Standard Question 37	Dummy Standard Question Answer 37
Dummy Standard Question 38	Dummy Standard Question Answer 38
Dummy Standard Question 39	Dummy Standard Question Answer 39
Dummy Standard Question 40	Dummy Standard Question Answer 40
Dummy Standard Question 41	Dummy Standard Question Answer 41
Dummy Standard Question 42	Dummy Standard Question Answer 42
Dummy Standard Question 43	Dummy Standard Question Answer 43
Dummy Standard Question 44	Dummy Standard Question Answer 44
Dummy Standard Question 45	Dummy Standard Question Answer 45
Dummy Standard Question 46	Dummy Standard Question Answer 46
Dummy Standard Question 47	Dummy Standard Question Answer 47
Dummy Standard Question 48	Dummy Standard Question Answer 48
Dummy Standard Question 49	Dummy Standard Question Answer 49
Dummy Standard Question 50	Dummy Standard Question Answer 50
Dummy Standard Question 51	Dummy Standard Question Answer 51
Dummy Standard Question 52	Dummy Standard Question Answer 52
Dummy Standard Question 53	Dummy Standard Question Answer 53
Dummy Standard Question 54	Dummy Standard Question Answer 54
Dummy Standard Question 55	Dummy Standard Question Answer 55
Dummy Standard Question 56	Dummy Standard Question Answer 56
Dummy Standard Question 57	Dummy Standard Question Answer 57
Dummy Standard Question 58	Dummy Standard Question Answer 58
Dummy Standard Question 59	Dummy Standard Question Answer 59
Dummy Standard Question 60	Dummy Standard Question Answer 60
Dummy Standard Question 61	Dummy Standard Question Answer 61
Dummy Standard Question 62	Dummy Standard Question Answer 62
Dummy Standard Question 63	Dummy Standard Question Answer 63
Dummy Standard Question 64	Dummy Standard Question Answer 64
Dummy Standard Question 65	Dummy Standard Question Answer 65
Dummy Standard Question 66	Dummy Standard Question Answer 66
Dummy Standard Question 67	Dummy Standard Question Answer 67
Dummy Standard Question 68	Dummy Standard Question Answer 68
Dummy Standard Question 69	Dummy Standard Question Answer 69
Dummy Standard Question 70	Dummy Standard Question Answer 70
Dummy Standard Question 71	Dummy Standard Question Answer 71
Dummy Standard Question 72	Dummy Standard Question Answer 72
Dummy Standard Question 73	Dummy Standard Question Answer 73
Dummy Standard Question 74	Dummy Standard Question Answer 74
Dummy Standard Question 75	Dummy Standard Question Answer 75
Dummy Standard Question 76	Dummy Standard Question Answer 76
Dummy Standard Question 77	Dummy Standard Question Answer 77
Dummy Standard Question 78	Dummy Standard Question Answer 78
Dummy Standard Question 79	Dummy Standard Question Answer 79
Dummy Standard Question 80	Dummy Standard Question Answer 80
Dummy Standard Question 81	Dummy Standard Question Answer 81
Dummy Standard Question 82	Dummy Standard Question Answer 82
Dummy Standard Question 83	Dummy Standard Question Answer 83
Dummy Standard Question 84	Dummy Standard Question Answer 84
Dummy Standard Question 85	Dummy Standard Question Answer 85
Dummy Standard Question 86	Dummy Standard Question Answer 86
Dummy Standard Question 87	Dummy Standard Question Answer 87
Dummy Standard Question 88	Dummy Standard Question Answer 88
Dummy Standard Question 89	Dummy Standard Question Answer 89
Dummy Standard Question 90	Dummy Standard Question Answer 90
Dummy Standard Question 91	Dummy Standard Question Answer 91
Dummy Standard Question 92	Dummy Standard Question Answer 92
Dummy Standard Question 93	Dummy Standard Question Answer 93
Dummy Standard Question 94	Dummy Standard Question Answer 94
Dummy Standard Question 95	Dummy Standard Question Answer 95
Dummy Standard Question 96	Dummy Standard Question Answer 96
Dummy Standard Question 97	Dummy Standard Question Answer 97
Dummy Standard Question 98	Dummy Standard Question Answer 98
Dummy Standard Question 99	Dummy Standard Question Answer 99
Dummy Standard Question 100	Dummy Standard Question Answer 100
Dummy Standard Question 101	Dummy Standard Question Answer 101
Dummy Standard Question 102	Dummy Standard Question Answer 102
Dummy Standard Question 103	Dummy Standard Question Answer 103
Dummy Standard Question 104	Dummy Standard Question Answer 104
Dummy Standard Question 105	Dummy Standard Question Answer 105
Dummy Standard Question 106	Dummy Standard Question Answer 106
Dummy Standard Question 107	Dummy Standard Question Answer 107
Dummy Standard Question 108	Dummy Standard Question Answer 108
Dummy Standard Question 109	Dummy Standard Question Answer 109
Dummy Standard Question 110	Dummy Standard Question Answer 110
Dummy Standard Question 111	Dummy Standard Question Answer 111
Dummy Standard Question 112	Dummy Standard Question Answer 112
Dummy Standard Question 113	Dummy Standard Question Answer 113
Dummy Standard Question 114	Dummy Standard Question Answer 114
Dummy Standard Question 115	Dummy Standard Question Answer 115
Dummy Standard Question 116	Dummy Standard Question Answer 116
Dummy Standard Question 117	Dummy Standard Question Answer 117
Dummy Standard Question 118	Dummy Standard Question Answer 118
Dummy Standard Question 119	Dummy Standard Question Answer 119
Dummy Standard Question 120	Dummy Standard Question Answer 120
Dummy Standard Question 121	Dummy Standard Question Answer 121
Dummy Standard Question 122	Dummy Standard Question Answer 122
Dummy Standard Question 123	Dummy Standard Question Answer 123
Dummy Standard Question 124	Dummy Standard Question Answer 124
Dummy Standard Question 125	Dummy Standard Question Answer 125
Dummy Standard Question 126	Dummy Standard Question Answer 126
Dummy Standard Question 127	Dummy Standard Question Answer 127
Dummy Standard Question 128	Dummy Standard Question Answer 128
Dummy Standard Question 129	Dummy Standard Question Answer 129
Dummy Standard Question 130	Dummy Standard Question Answer 130
Dummy Standard Question 131	Dummy Standard Question Answer 131
Dummy Standard Question 132	Dummy Standard Question Answer 132
Dummy Standard Question 133	Dummy Standard Question Answer 133
Dummy Standard Question 134	Dummy Standard Question Answer 134
Dummy Standard Question 135	Dummy Standard Question Answer 135
Dummy Standard Question 136	Dummy Standard Question Answer 136
Dummy Standard Question 137	Dummy Standard Question Answer 137
Dummy Standard Question 138	Dummy Standard Question Answer 138
Dummy Standard Question 139	Dummy Standard Question Answer 139
Dummy Standard Question 140	Dummy Standard Question Answer 140
Dummy Standard Question 141	Dummy Standard Question Answer 141
Dummy Standard Question 142	Dummy Standard Question Answer 142
Dummy Standard Question 143	Dummy Standard Question Answer 143
Dummy Standard Question 144	Dummy Standard Question Answer 144
Dummy Standard Question 145	Dummy Standard Question Answer 145
Dummy Standard Question 146	Dummy Standard Question Answer 146
Dummy Standard Question 147	Dummy Standard Question Answer 147
Dummy Standard Question 148	Dummy Standard Question Answer 148
Dummy Standard Question 149	Dummy Standard Question Answer 149
Dummy Standard Question 150	Dummy Standard Question Answer 150
Dummy Standard Question 151	Dummy Standard Question Answer 151
Dummy Standard Question 152	Dummy Standard Question Answer 152
Dummy Standard Question 153	Dummy Standard Question Answer 153
Dummy Standard Question 154	Dummy Standard Question Answer 154
Dummy Standard Question 155	Dummy Standard Question Answer 155
Dummy Standard Question 156	Dummy Standard Question Answer 156
Dummy Standard Question 157	Dummy Standard Question Answer 157
Dummy Standard Question 158	Dummy Standard Question Answer 158
Dummy Standard Question 159	Dummy Standard Question Answer 159
Dummy Standard Question 160	Dummy Standard Question Answer 160
Dummy Standard Question 161	Dummy Standard Question Answer 161
Dummy Standard Question 162	Dummy Standard Question Answer 162
Dummy Standard Question 163	Dummy Standard Question Answer 163
Dummy Standard Question 164	Dummy Standard Question Answer 164
Dummy Standard Question 165	Dummy Standard Question Answer 165
Dummy Standard Question 166	Dummy Standard Question Answer 166
Dummy Standard Question 167	Dummy Standard Question Answer 167
Dummy Standard Question 168	Dummy Standard Question Answer 168
Dummy Standard Question 169	Dummy Standard Question Answer 169
Dummy Standard Question 170	Dummy Standard Question Answer 170
Dummy Standard Question 171	Dummy Standard Question Answer 171
Dummy Standard Question 172	Dummy Standard Question Answer 172
Dummy Standard Question 173	Dummy Standard Question Answer 173
Dummy Standard Question 174	Dummy Standard Question Answer 174
Dummy Standard Question 175	Dummy Standard Question Answer 175
Dummy Standard Question 176	Dummy Standard Question Answer 176
Dummy Standard Question 177	Dummy Standard Question Answer 177
Dummy Standard Question 178	Dummy Standard Question Answer 178
Dummy Standard Question 179	Dummy Standard Question Answer 179
Dummy Standard Question 180	Dummy Standard Question Answer 180
Dummy Standard Question 181	Dummy Standard Question Answer 181
Dummy Standard Question 182	Dummy Standard Question Answer 182
Dummy Standard Question 183	Dummy Standard Question Answer 183
Dummy Standard Question 184	Dummy Standard Question Answer 184
Dummy Standard Question 185	Dummy Standard Question Answer 185
Dummy Standard Question 186	Dummy Standard Question Answer 186
Dummy Standard Question 187	Dummy Standard Question Answer 187
Dummy Standard Question 188	Dummy Standard Question Answer 188
Dummy Standard Question 189	Dummy Standard Question Answer 189
Dummy Standard Question 190	Dummy Standard Question Answer 190
Dummy Standard Question 191	Dummy Standard Question Answer 191
Dummy Standard Question 192	Dummy Standard Question Answer 192
Dummy Standard Question 193	Dummy Standard Question Answer 193
Dummy Standard Question 194	Dummy Standard Question Answer 194
Dummy Standard Question 195	Dummy Standard Question Answer 195
Dummy Standard Question 196	Dummy Standard Question Answer 196
Dummy Standard Question 197	Dummy Standard Question Answer 197
Dummy Standard Question 198	Dummy Standard Question Answer 198
Dummy Standard Question 199	Dummy Standard Question Answer 199
Dummy Standard Question 200	Dummy Standard Question Answer 200
Dummy Standard Question 201	Dummy Standard Question Answer 201
Dummy Standard Question 202	Dummy Standard Question Answer 202
Dummy Standard Question 203	Dummy Standard Question Answer 203
Dummy Standard Question 204	Dummy Standard Question Answer 204
Dummy Standard Question 205	Dummy Standard Question Answer 205
Dummy Standard Question 206	Dummy Standard Question Answer 206
Dummy Standard Question 207	Dummy Standard Question Answer 207
Dummy Standard Question 208	Dummy Standard Question Answer 208
Dummy Standard Question 209	Dummy Standard Question Answer 209
Dummy Standard Question 210	Dummy Standard Question Answer 210
Dummy Standard Question 211	Dummy Standard Question Answer 211
Dummy Standard Question 212	Dummy Standard Question Answer 212
Dummy Standard Question 213	Dummy Standard Question Answer 213
Dummy Standard Question 214	Dummy Standard Question Answer 214
Dummy Standard Question 215	Dummy Standard Question Answer 215
Dummy Standard Question 216	Dummy Standard Question Answer 216
Dummy Standard Question 217	Dummy Standard Question Answer 217
Dummy Standard Question 218	Dummy Standard Question Answer 218
Dummy Standard Question 219	Dummy Standard Question Answer 219
Dummy Standard Question 220	Dummy Standard Question Answer 220
Dummy Standard Question 221	Dummy Standard Question Answer 221
Dummy Standard Question 222	Dummy Standard Question Answer 222
Dummy Standard Question 223	Dummy Standard Question Answer 223
Dummy Standard Question 224	Dummy Standard Question Answer 224
Dummy Standard Question 225	Dummy Standard Question Answer 225
Dummy Standard Question 226	Dummy Standard Question Answer 226
Dummy Standard Question 227	Dummy Standard Question Answer 227
Dummy Standard Question 228	Dummy Standard Question Answer 228
Dummy Standard Question 229	Dummy Standard Question Answer 229
Dummy Standard Question 230	Dummy Standard Question Answer 230
Dummy Standard Question 231	Dummy Standard Question Answer 231
Dummy Standard Question 232	Dummy Standard Question Answer 232
Dummy Standard Question 233	Dummy Standard Question Answer 233
Dummy Standard Question 234	Dummy Standard Question Answer 234
Dummy Standard Question 235	Dummy Standard Question Answer 235
Dummy Standard Question 236	Dummy Standard Question Answer 236
Dummy Standard Question 237	Dummy Standard Question Answer 237
Dummy Standard Question 238	Dummy Standard Question Answer 238
Dummy Standard Question 239	Dummy Standard Question Answer 239
Dummy Standard Question 240	Dummy Standard Question Answer 240
Dummy Standard Question 241	Dummy Standard Question Answer 241
Dummy Standard Question 242	Dummy Standard Question Answer 242
Dummy Standard Question 243	Dummy Standard Question Answer 243
Dummy Standard Question 244	Dummy Standard Question Answer 244
Dummy Standard Question 245	Dummy Standard Question Answer 245
Dummy Standard Question 246	Dummy Standard Question Answer 246
Dummy Standard Question 247	Dummy Standard Question Answer 247
Dummy Standard Question 248	Dummy Standard Question Answer 248
Dummy Standard Question 249	Dummy Standard Question Answer 249
Dummy Standard Question 250	Dummy Standard Question Answer 250
Dummy Standard Question 251	Dummy Standard Question Answer 251
Dummy Standard Question 252	Dummy Standard Question Answer 252
Dummy Standard Question 253	Dummy Standard Question Answer 253
Dummy Standard Question 254	Dummy Standard Question Answer 254
Dummy Standard Question 255	Dummy Standard Question Answer 255
Dummy Standard Question 256	Dummy Standard Question Answer 256
Dummy Standard Question 257	Dummy Standard Question Answer 257
Dummy Standard Question 258	Dummy Standard Question Answer 258
Dummy Standard Question 259	Dummy Standard Question Answer 259
Dummy Standard Question 260	Dummy Standard Question Answer 260
Dummy Standard Question 261	Dummy Standard Question Answer 261
Dummy Standard Question 262	Dummy Standard Question Answer 262
Dummy Standard Question 263	Dummy Standard Question Answer 263
Dummy Standard Question 264	Dummy Standard Question Answer 264
Dummy Standard Question 265	Dummy Standard Question Answer 265
Dummy Standard Question 266	Dummy Standard Question Answer 266
Dummy Standard Question 267	Dummy Standard Question Answer 267
Dummy Standard Question 268	Dummy Standard Question Answer 268
Dummy Standard Question 269	Dummy Standard Question Answer 269
Dummy Standard Question 270	Dummy Standard Question Answer 270
Dummy Standard Question 271	Dummy Standard Question Answer 271
Dummy Standard Question 272	Dummy Standard Question Answer 272
Dummy Standard Question 273	Dummy Standard Question Answer 273
Dummy Standard Question 274	Dummy Standard Question Answer 274
Dummy Standard Question 275	Dummy Standard Question Answer 275
Dummy Standard Question 276	Dummy Standard Question Answer 276
Dummy Standard Question 277	Dummy Standard Question Answer 277
Dummy Standard Question 278	Dummy Standard Question Answer 278
Dummy Standard Question 279	Dummy Standard Question Answer 279
Dummy Standard Question 280	Dummy Standard Question Answer 280
Dummy Standard Question 281	Dummy Standard Question Answer 281
Dummy Standard Question 282	Dummy Standard Question Answer 282
Dummy Standard Question 283	Dummy Standard Question Answer 283
Dummy Standard Question 284	Dummy Standard Question Answer 284
Dummy Standard Question 285	Dummy Standard Question Answer 285
Dummy Standard Question 286	Dummy Standard Question Answer 286
Dummy Standard Question 287	Dummy Standard Question Answer 287
Dummy Standard Question 288	Dummy Standard Question Answer 288
Dummy Standard Question 289	Dummy Standard Question Answer 289
Dummy Standard Question 290	Dummy Standard Question Answer 290
Dummy Standard Question 291	Dummy Standard Question Answer 291
Dummy Standard Question 292	Dummy Standard Question Answer 292
Dummy Standard Question 293	Dummy Standard Question Answer 293
Dummy Standard Question 294	Dummy Standard Question Answer 294
Dummy Standard Question 295	Dummy Standard Question Answer 295
Dummy Standard Question 296	Dummy Standard Question Answer 296
Dummy Standard Question 297	Dummy Standard Question Answer 297
Dummy Standard Question 298	Dummy Standard Question Answer 298
Dummy Standard Question 299	Dummy Standard Question Answer 299
Dummy Standard Question 300	Dummy Standard Question Answer 300
