Dummy Fame Game Question 1	Dummy Fame Game Question Answer 1
Dummy Fame Game Question 2	Dummy Fame Game Question Answer 2
Dummy Fame Game Question 3	Dummy Fame Game Question Answer 3
Dummy Fame Game Question 4	Dummy Fame Game Question Answer 4
Dummy Fame Game Question 5	Dummy Fame Game Question Answer 5
Dummy Fame Game Question 6	Dummy Fame Game Question Answer 6
Dummy Fame Game Question 7	Dummy Fame Game Question Answer 7
Dummy Fame Game Question 8	Dummy Fame Game Question Answer 8
Dummy Fame Game Question 9	Dummy Fame Game Question Answer 9
Dummy Fame Game Question 10	Dummy Fame Game Question Answer 10
Dummy Fame Game Question 11	Dummy Fame Game Question Answer 11
Dummy Fame Game Question 12	Dummy Fame Game Question Answer 12
Dummy Fame Game Question 13	Dummy Fame Game Question Answer 13
Dummy Fame Game Question 14	Dummy Fame Game Question Answer 14
Dummy Fame Game Question 15	Dummy Fame Game Question Answer 15
Dummy Fame Game Question 16	Dummy Fame Game Question Answer 16
Dummy Fame Game Question 17	Dummy Fame Game Question Answer 17
Dummy Fame Game Question 18	Dummy Fame Game Question Answer 18
Dummy Fame Game Question 19	Dummy Fame Game Question Answer 19
Dummy Fame Game Question 20	Dummy Fame Game Question Answer 20
Dummy Fame Game Question 21	Dummy Fame Game Question Answer 21
Dummy Fame Game Question 22	Dummy Fame Game Question Answer 22
Dummy Fame Game Question 23	Dummy Fame Game Question Answer 23
Dummy Fame Game Question 24	Dummy Fame Game Question Answer 24
Dummy Fame Game Question 25	Dummy Fame Game Question Answer 25
Dummy Fame Game Question 26	Dummy Fame Game Question Answer 26
Dummy Fame Game Question 27	Dummy Fame Game Question Answer 27
Dummy Fame Game Question 28	Dummy Fame Game Question Answer 28
Dummy Fame Game Question 29	Dummy Fame Game Question Answer 29
Dummy Fame Game Question 30	Dummy Fame Game Question Answer 30
Dummy Fame Game Question 31	Dummy Fame Game Question Answer 31
Dummy Fame Game Question 32	Dummy Fame Game Question Answer 32
Dummy Fame Game Question 33	Dummy Fame Game Question Answer 33
Dummy Fame Game Question 34	Dummy Fame Game Question Answer 34
Dummy Fame Game Question 35	Dummy Fame Game Question Answer 35
Dummy Fame Game Question 36	Dummy Fame Game Question Answer 36
Dummy Fame Game Question 37	Dummy Fame Game Question Answer 37
Dummy Fame Game Question 38	Dummy Fame Game Question Answer 38
Dummy Fame Game Question 39	Dummy Fame Game Question Answer 39
Dummy Fame Game Question 40	Dummy Fame Game Question Answer 40
Dummy Fame Game Question 41	Dummy Fame Game Question Answer 41
Dummy Fame Game Question 42	Dummy Fame Game Question Answer 42
Dummy Fame Game Question 43	Dummy Fame Game Question Answer 43
Dummy Fame Game Question 44	Dummy Fame Game Question Answer 44
Dummy Fame Game Question 45	Dummy Fame Game Question Answer 45
Dummy Fame Game Question 46	Dummy Fame Game Question Answer 46
Dummy Fame Game Question 47	Dummy Fame Game Question Answer 47
Dummy Fame Game Question 48	Dummy Fame Game Question Answer 48
Dummy Fame Game Question 49	Dummy Fame Game Question Answer 49
Dummy Fame Game Question 50	Dummy Fame Game Question Answer 50
Dummy Fame Game Question 51	Dummy Fame Game Question Answer 51
Dummy Fame Game Question 52	Dummy Fame Game Question Answer 52
Dummy Fame Game Question 53	Dummy Fame Game Question Answer 53
Dummy Fame Game Question 54	Dummy Fame Game Question Answer 54
Dummy Fame Game Question 55	Dummy Fame Game Question Answer 55
Dummy Fame Game Question 56	Dummy Fame Game Question Answer 56
Dummy Fame Game Question 57	Dummy Fame Game Question Answer 57
Dummy Fame Game Question 58	Dummy Fame Game Question Answer 58
Dummy Fame Game Question 59	Dummy Fame Game Question Answer 59
Dummy Fame Game Question 60	Dummy Fame Game Question Answer 60
Dummy Fame Game Question 61	Dummy Fame Game Question Answer 61
Dummy Fame Game Question 62	Dummy Fame Game Question Answer 62
Dummy Fame Game Question 63	Dummy Fame Game Question Answer 63
Dummy Fame Game Question 64	Dummy Fame Game Question Answer 64
Dummy Fame Game Question 65	Dummy Fame Game Question Answer 65
Dummy Fame Game Question 66	Dummy Fame Game Question Answer 66
Dummy Fame Game Question 67	Dummy Fame Game Question Answer 67
Dummy Fame Game Question 68	Dummy Fame Game Question Answer 68
Dummy Fame Game Question 69	Dummy Fame Game Question Answer 69
Dummy Fame Game Question 70	Dummy Fame Game Question Answer 70
Dummy Fame Game Question 71	Dummy Fame Game Question Answer 71
Dummy Fame Game Question 72	Dummy Fame Game Question Answer 72
Dummy Fame Game Question 73	Dummy Fame Game Question Answer 73
Dummy Fame Game Question 74	Dummy Fame Game Question Answer 74
Dummy Fame Game Question 75	Dummy Fame Game Question Answer 75
Dummy Fame Game Question 76	Dummy Fame Game Question Answer 76
Dummy Fame Game Question 77	Dummy Fame Game Question Answer 77
Dummy Fame Game Question 78	Dummy Fame Game Question Answer 78
Dummy Fame Game Question 79	Dummy Fame Game Question Answer 79
Dummy Fame Game Question 80	Dummy Fame Game Question Answer 80
Dummy Fame Game Question 81	Dummy Fame Game Question Answer 81
Dummy Fame Game Question 82	Dummy Fame Game Question Answer 82
Dummy Fame Game Question 83	Dummy Fame Game Question Answer 83
Dummy Fame Game Question 84	Dummy Fame Game Question Answer 84
Dummy Fame Game Question 85	Dummy Fame Game Question Answer 85
Dummy Fame Game Question 86	Dummy Fame Game Question Answer 86
Dummy Fame Game Question 87	Dummy Fame Game Question Answer 87
Dummy Fame Game Question 88	Dummy Fame Game Question Answer 88
Dummy Fame Game Question 89	Dummy Fame Game Question Answer 89
Dummy Fame Game Question 90	Dummy Fame Game Question Answer 90
Dummy Fame Game Question 91	Dummy Fame Game Question Answer 91
Dummy Fame Game Question 92	Dummy Fame Game Question Answer 92
Dummy Fame Game Question 93	Dummy Fame Game Question Answer 93
Dummy Fame Game Question 94	Dummy Fame Game Question Answer 94
Dummy Fame Game Question 95	Dummy Fame Game Question Answer 95
Dummy Fame Game Question 96	Dummy Fame Game Question Answer 96
Dummy Fame Game Question 97	Dummy Fame Game Question Answer 97
Dummy Fame Game Question 98	Dummy Fame Game Question Answer 98
Dummy Fame Game Question 99	Dummy Fame Game Question Answer 99
Dummy Fame Game Question 100	Dummy Fame Game Question Answer 100
Dummy Fame Game Question 101	Dummy Fame Game Question Answer 101
Dummy Fame Game Question 102	Dummy Fame Game Question Answer 102
Dummy Fame Game Question 103	Dummy Fame Game Question Answer 103
Dummy Fame Game Question 104	Dummy Fame Game Question Answer 104
Dummy Fame Game Question 105	Dummy Fame Game Question Answer 105
Dummy Fame Game Question 106	Dummy Fame Game Question Answer 106
Dummy Fame Game Question 107	Dummy Fame Game Question Answer 107
Dummy Fame Game Question 108	Dummy Fame Game Question Answer 108
Dummy Fame Game Question 109	Dummy Fame Game Question Answer 109
Dummy Fame Game Question 110	Dummy Fame Game Question Answer 110
Dummy Fame Game Question 111	Dummy Fame Game Question Answer 111
Dummy Fame Game Question 112	Dummy Fame Game Question Answer 112
Dummy Fame Game Question 113	Dummy Fame Game Question Answer 113
Dummy Fame Game Question 114	Dummy Fame Game Question Answer 114
Dummy Fame Game Question 115	Dummy Fame Game Question Answer 115
Dummy Fame Game Question 116	Dummy Fame Game Question Answer 116
Dummy Fame Game Question 117	Dummy Fame Game Question Answer 117
Dummy Fame Game Question 118	Dummy Fame Game Question Answer 118
Dummy Fame Game Question 119	Dummy Fame Game Question Answer 119
Dummy Fame Game Question 120	Dummy Fame Game Question Answer 120
Dummy Fame Game Question 121	Dummy Fame Game Question Answer 121
Dummy Fame Game Question 122	Dummy Fame Game Question Answer 122
Dummy Fame Game Question 123	Dummy Fame Game Question Answer 123
Dummy Fame Game Question 124	Dummy Fame Game Question Answer 124
Dummy Fame Game Question 125	Dummy Fame Game Question Answer 125
Dummy Fame Game Question 126	Dummy Fame Game Question Answer 126
Dummy Fame Game Question 127	Dummy Fame Game Question Answer 127
Dummy Fame Game Question 128	Dummy Fame Game Question Answer 128
Dummy Fame Game Question 129	Dummy Fame Game Question Answer 129
Dummy Fame Game Question 130	Dummy Fame Game Question Answer 130
Dummy Fame Game Question 131	Dummy Fame Game Question Answer 131
Dummy Fame Game Question 132	Dummy Fame Game Question Answer 132
Dummy Fame Game Question 133	Dummy Fame Game Question Answer 133
Dummy Fame Game Question 134	Dummy Fame Game Question Answer 134
Dummy Fame Game Question 135	Dummy Fame Game Question Answer 135
Dummy Fame Game Question 136	Dummy Fame Game Question Answer 136
Dummy Fame Game Question 137	Dummy Fame Game Question Answer 137
Dummy Fame Game Question 138	Dummy Fame Game Question Answer 138
Dummy Fame Game Question 139	Dummy Fame Game Question Answer 139
Dummy Fame Game Question 140	Dummy Fame Game Question Answer 140
Dummy Fame Game Question 141	Dummy Fame Game Question Answer 141
Dummy Fame Game Question 142	Dummy Fame Game Question Answer 142
Dummy Fame Game Question 143	Dummy Fame Game Question Answer 143
Dummy Fame Game Question 144	Dummy Fame Game Question Answer 144
Dummy Fame Game Question 145	Dummy Fame Game Question Answer 145
Dummy Fame Game Question 146	Dummy Fame Game Question Answer 146
Dummy Fame Game Question 147	Dummy Fame Game Question Answer 147
Dummy Fame Game Question 148	Dummy Fame Game Question Answer 148
Dummy Fame Game Question 149	Dummy Fame Game Question Answer 149
Dummy Fame Game Question 150	Dummy Fame Game Question Answer 150
Dummy Fame Game Question 151	Dummy Fame Game Question Answer 151
Dummy Fame Game Question 152	Dummy Fame Game Question Answer 152
Dummy Fame Game Question 153	Dummy Fame Game Question Answer 153
Dummy Fame Game Question 154	Dummy Fame Game Question Answer 154
Dummy Fame Game Question 155	Dummy Fame Game Question Answer 155
Dummy Fame Game Question 156	Dummy Fame Game Question Answer 156
Dummy Fame Game Question 157	Dummy Fame Game Question Answer 157
Dummy Fame Game Question 158	Dummy Fame Game Question Answer 158
Dummy Fame Game Question 159	Dummy Fame Game Question Answer 159
Dummy Fame Game Question 160	Dummy Fame Game Question Answer 160
Dummy Fame Game Question 161	Dummy Fame Game Question Answer 161
Dummy Fame Game Question 162	Dummy Fame Game Question Answer 162
Dummy Fame Game Question 163	Dummy Fame Game Question Answer 163
Dummy Fame Game Question 164	Dummy Fame Game Question Answer 164
Dummy Fame Game Question 165	Dummy Fame Game Question Answer 165
Dummy Fame Game Question 166	Dummy Fame Game Question Answer 166
Dummy Fame Game Question 167	Dummy Fame Game Question Answer 167
Dummy Fame Game Question 168	Dummy Fame Game Question Answer 168
Dummy Fame Game Question 169	Dummy Fame Game Question Answer 169
Dummy Fame Game Question 170	Dummy Fame Game Question Answer 170
Dummy Fame Game Question 171	Dummy Fame Game Question Answer 171
Dummy Fame Game Question 172	Dummy Fame Game Question Answer 172
Dummy Fame Game Question 173	Dummy Fame Game Question Answer 173
Dummy Fame Game Question 174	Dummy Fame Game Question Answer 174
Dummy Fame Game Question 175	Dummy Fame Game Question Answer 175
Dummy Fame Game Question 176	Dummy Fame Game Question Answer 176
Dummy Fame Game Question 177	Dummy Fame Game Question Answer 177
Dummy Fame Game Question 178	Dummy Fame Game Question Answer 178
Dummy Fame Game Question 179	Dummy Fame Game Question Answer 179
Dummy Fame Game Question 180	Dummy Fame Game Question Answer 180
Dummy Fame Game Question 181	Dummy Fame Game Question Answer 181
Dummy Fame Game Question 182	Dummy Fame Game Question Answer 182
Dummy Fame Game Question 183	Dummy Fame Game Question Answer 183
Dummy Fame Game Question 184	Dummy Fame Game Question Answer 184
Dummy Fame Game Question 185	Dummy Fame Game Question Answer 185
Dummy Fame Game Question 186	Dummy Fame Game Question Answer 186
Dummy Fame Game Question 187	Dummy Fame Game Question Answer 187
Dummy Fame Game Question 188	Dummy Fame Game Question Answer 188
Dummy Fame Game Question 189	Dummy Fame Game Question Answer 189
Dummy Fame Game Question 190	Dummy Fame Game Question Answer 190
Dummy Fame Game Question 191	Dummy Fame Game Question Answer 191
Dummy Fame Game Question 192	Dummy Fame Game Question Answer 192
Dummy Fame Game Question 193	Dummy Fame Game Question Answer 193
Dummy Fame Game Question 194	Dummy Fame Game Question Answer 194
Dummy Fame Game Question 195	Dummy Fame Game Question Answer 195
Dummy Fame Game Question 196	Dummy Fame Game Question Answer 196
Dummy Fame Game Question 197	Dummy Fame Game Question Answer 197
Dummy Fame Game Question 198	Dummy Fame Game Question Answer 198
Dummy Fame Game Question 199	Dummy Fame Game Question Answer 199
Dummy Fame Game Question 200	Dummy Fame Game Question Answer 200
Dummy Fame Game Question 201	Dummy Fame Game Question Answer 201
Dummy Fame Game Question 202	Dummy Fame Game Question Answer 202
Dummy Fame Game Question 203	Dummy Fame Game Question Answer 203
Dummy Fame Game Question 204	Dummy Fame Game Question Answer 204
Dummy Fame Game Question 205	Dummy Fame Game Question Answer 205
Dummy Fame Game Question 206	Dummy Fame Game Question Answer 206
Dummy Fame Game Question 207	Dummy Fame Game Question Answer 207
Dummy Fame Game Question 208	Dummy Fame Game Question Answer 208
Dummy Fame Game Question 209	Dummy Fame Game Question Answer 209
Dummy Fame Game Question 210	Dummy Fame Game Question Answer 210
Dummy Fame Game Question 211	Dummy Fame Game Question Answer 211
Dummy Fame Game Question 212	Dummy Fame Game Question Answer 212
Dummy Fame Game Question 213	Dummy Fame Game Question Answer 213
Dummy Fame Game Question 214	Dummy Fame Game Question Answer 214
Dummy Fame Game Question 215	Dummy Fame Game Question Answer 215
Dummy Fame Game Question 216	Dummy Fame Game Question Answer 216
Dummy Fame Game Question 217	Dummy Fame Game Question Answer 217
Dummy Fame Game Question 218	Dummy Fame Game Question Answer 218
Dummy Fame Game Question 219	Dummy Fame Game Question Answer 219
Dummy Fame Game Question 220	Dummy Fame Game Question Answer 220
Dummy Fame Game Question 221	Dummy Fame Game Question Answer 221
Dummy Fame Game Question 222	Dummy Fame Game Question Answer 222
Dummy Fame Game Question 223	Dummy Fame Game Question Answer 223
Dummy Fame Game Question 224	Dummy Fame Game Question Answer 224
Dummy Fame Game Question 225	Dummy Fame Game Question Answer 225
Dummy Fame Game Question 226	Dummy Fame Game Question Answer 226
Dummy Fame Game Question 227	Dummy Fame Game Question Answer 227
Dummy Fame Game Question 228	Dummy Fame Game Question Answer 228
Dummy Fame Game Question 229	Dummy Fame Game Question Answer 229
Dummy Fame Game Question 230	Dummy Fame Game Question Answer 230
Dummy Fame Game Question 231	Dummy Fame Game Question Answer 231
Dummy Fame Game Question 232	Dummy Fame Game Question Answer 232
Dummy Fame Game Question 233	Dummy Fame Game Question Answer 233
Dummy Fame Game Question 234	Dummy Fame Game Question Answer 234
Dummy Fame Game Question 235	Dummy Fame Game Question Answer 235
Dummy Fame Game Question 236	Dummy Fame Game Question Answer 236
Dummy Fame Game Question 237	Dummy Fame Game Question Answer 237
Dummy Fame Game Question 238	Dummy Fame Game Question Answer 238
Dummy Fame Game Question 239	Dummy Fame Game Question Answer 239
Dummy Fame Game Question 240	Dummy Fame Game Question Answer 240
Dummy Fame Game Question 241	Dummy Fame Game Question Answer 241
Dummy Fame Game Question 242	Dummy Fame Game Question Answer 242
Dummy Fame Game Question 243	Dummy Fame Game Question Answer 243
Dummy Fame Game Question 244	Dummy Fame Game Question Answer 244
Dummy Fame Game Question 245	Dummy Fame Game Question Answer 245
Dummy Fame Game Question 246	Dummy Fame Game Question Answer 246
Dummy Fame Game Question 247	Dummy Fame Game Question Answer 247
Dummy Fame Game Question 248	Dummy Fame Game Question Answer 248
Dummy Fame Game Question 249	Dummy Fame Game Question Answer 249
Dummy Fame Game Question 250	Dummy Fame Game Question Answer 250
Dummy Fame Game Question 251	Dummy Fame Game Question Answer 251
Dummy Fame Game Question 252	Dummy Fame Game Question Answer 252
Dummy Fame Game Question 253	Dummy Fame Game Question Answer 253
Dummy Fame Game Question 254	Dummy Fame Game Question Answer 254
Dummy Fame Game Question 255	Dummy Fame Game Question Answer 255
Dummy Fame Game Question 256	Dummy Fame Game Question Answer 256
Dummy Fame Game Question 257	Dummy Fame Game Question Answer 257
Dummy Fame Game Question 258	Dummy Fame Game Question Answer 258
Dummy Fame Game Question 259	Dummy Fame Game Question Answer 259
Dummy Fame Game Question 260	Dummy Fame Game Question Answer 260
Dummy Fame Game Question 261	Dummy Fame Game Question Answer 261
Dummy Fame Game Question 262	Dummy Fame Game Question Answer 262
Dummy Fame Game Question 263	Dummy Fame Game Question Answer 263
Dummy Fame Game Question 264	Dummy Fame Game Question Answer 264
Dummy Fame Game Question 265	Dummy Fame Game Question Answer 265
Dummy Fame Game Question 266	Dummy Fame Game Question Answer 266
Dummy Fame Game Question 267	Dummy Fame Game Question Answer 267
Dummy Fame Game Question 268	Dummy Fame Game Question Answer 268
Dummy Fame Game Question 269	Dummy Fame Game Question Answer 269
Dummy Fame Game Question 270	Dummy Fame Game Question Answer 270
Dummy Fame Game Question 271	Dummy Fame Game Question Answer 271
Dummy Fame Game Question 272	Dummy Fame Game Question Answer 272
Dummy Fame Game Question 273	Dummy Fame Game Question Answer 273
Dummy Fame Game Question 274	Dummy Fame Game Question Answer 274
Dummy Fame Game Question 275	Dummy Fame Game Question Answer 275
Dummy Fame Game Question 276	Dummy Fame Game Question Answer 276
Dummy Fame Game Question 277	Dummy Fame Game Question Answer 277
Dummy Fame Game Question 278	Dummy Fame Game Question Answer 278
Dummy Fame Game Question 279	Dummy Fame Game Question Answer 279
Dummy Fame Game Question 280	Dummy Fame Game Question Answer 280
Dummy Fame Game Question 281	Dummy Fame Game Question Answer 281
Dummy Fame Game Question 282	Dummy Fame Game Question Answer 282
Dummy Fame Game Question 283	Dummy Fame Game Question Answer 283
Dummy Fame Game Question 284	Dummy Fame Game Question Answer 284
Dummy Fame Game Question 285	Dummy Fame Game Question Answer 285
Dummy Fame Game Question 286	Dummy Fame Game Question Answer 286
Dummy Fame Game Question 287	Dummy Fame Game Question Answer 287
Dummy Fame Game Question 288	Dummy Fame Game Question Answer 288
Dummy Fame Game Question 289	Dummy Fame Game Question Answer 289
Dummy Fame Game Question 290	Dummy Fame Game Question Answer 290
Dummy Fame Game Question 291	Dummy Fame Game Question Answer 291
Dummy Fame Game Question 292	Dummy Fame Game Question Answer 292
Dummy Fame Game Question 293	Dummy Fame Game Question Answer 293
Dummy Fame Game Question 294	Dummy Fame Game Question Answer 294
Dummy Fame Game Question 295	Dummy Fame Game Question Answer 295
Dummy Fame Game Question 296	Dummy Fame Game Question Answer 296
Dummy Fame Game Question 297	Dummy Fame Game Question Answer 297
Dummy Fame Game Question 298	Dummy Fame Game Question Answer 298
Dummy Fame Game Question 299	Dummy Fame Game Question Answer 299
Dummy Fame Game Question 300	Dummy Fame Game Question Answer 300
